Hotel,Valutazione
http://comune.milano.it/resource/hotel/accademia,0.04454632660022345
http://comune.milano.it/resource/hotel/mc_mahon,0.05682689818702875
http://comune.milano.it/resource/hotel/hotel_capitol,0.060223721417346936
http://comune.milano.it/resource/hotel/hotel_astoria,0.045343765706853605
http://comune.milano.it/resource/hotel/hotel_de_la_ville,0.12001003140067693
http://comune.milano.it/resource/hotel/ares,0.06025128207409794
http://comune.milano.it/resource/hotel/amalfi,0.05545428886892591
http://comune.milano.it/resource/hotel/minihotel_tiziano,0.057380866091523264
http://comune.milano.it/resource/hotel/principe_di_savoia,0.10100740991358467
http://comune.milano.it/resource/hotel/nh_milano_touring,0.09581322363443469
http://comune.milano.it/resource/hotel/nh_conference_hotel,0.022224855279422657
http://comune.milano.it/resource/hotel/hotel_cervo,0.11140974549315352
http://comune.milano.it/resource/hotel/hotel_enterprise,0.056374145689914695
http://comune.milano.it/resource/hotel/ih_hotel_milano_gioia,0.05533480657872276
http://comune.milano.it/resource/hotel/hotel_europa,0.11261119036600338
http://comune.milano.it/resource/hotel/hotel_delle_nazioni,0.09221232844228304
http://comune.milano.it/resource/hotel/atahotel_quark_due_residence,0.06935342462168086
http://comune.milano.it/resource/hotel/hotel_concorde,0.06935342462168086
http://comune.milano.it/resource/hotel/the_hub,0.06935342462168086
http://comune.milano.it/resource/hotel/hotel_ramada,0.06935342462168086
http://comune.milano.it/resource/hotel/hotel_amendola_fiera,0.06935342462168086
http://comune.milano.it/resource/hotel/hotel_ramada_1,0.06935342462168086
http://comune.milano.it/resource/hotel/grand_hotel_barone_di_sassj,0.06935342462168086
http://comune.milano.it/resource/hotel/hotel_apollo,0.06935342462168086
http://comune.milano.it/resource/hotel/hotel_losanna,0.07888072697755405
http://comune.milano.it/resource/hotel/una_hotel,0.07552006065999038
http://comune.milano.it/resource/hotel/the_westin_palace,0.009566174422039362
http://comune.milano.it/resource/hotel/albergo_lario,0.0006559083041109104
http://comune.milano.it/resource/hotel/residence_pola,0.0008598812010037417
http://comune.milano.it/resource/hotel/hotel_zara,0.07651173473579219
http://comune.milano.it/resource/hotel/excelsior_hotel_gallia,0.06935342462168086
http://comune.milano.it/resource/hotel/abacus_hotel,0.06935342462168086
http://comune.milano.it/resource/hotel/barcel√≥_milan,0.06935342462168086
http://comune.milano.it/resource/hotel/klima_hotel_milano_fiere,0.06935342462168086
http://comune.milano.it/resource/hotel/hilton_garden_inn_milan_north,0.06935342462168086
http://comune.milano.it/resource/hotel/anderson_hotel,0.06935342462168086
http://comune.milano.it/resource/hotel/hotel_astoria_1,0.06935342462168086
http://comune.milano.it/resource/hotel/atahotel_expo_fiera,0.06935342462168086
http://comune.milano.it/resource/hotel/hotel_bovisa,0.06935342462168086
http://comune.milano.it/resource/hotel/hotel_rubens,0.06935342462168086
http://comune.milano.it/resource/hotel/hotel_augustus,0.09162946847697814
http://comune.milano.it/resource/hotel/hotel_losanna_1,0.09058966611152419
http://comune.milano.it/resource/hotel/biocity_hotel,0.07036924625217489
http://comune.milano.it/resource/hotel/hotel_demidoff,0.08438774084716548
http://comune.milano.it/resource/hotel/hotel_cervo_1,0.10154738661452964
http://comune.milano.it/resource/hotel/hotel_mercure_milano_centro,0.08932127110472356
http://comune.milano.it/resource/hotel/art_hotel_navigli,0.08269169559108377
http://comune.milano.it/resource/hotel/vallazze,0.07037570305543456
http://comune.milano.it/resource/hotel/montecarlo,0.06403611040658479
http://comune.milano.it/resource/hotel/idea_hotel_milano_san_siro,0.02009777274111626
http://comune.milano.it/resource/hotel/regency_hotel,0.05219159046023378
http://comune.milano.it/resource/hotel/hotel_brunelleschi,0.09510897818944408
http://comune.milano.it/resource/hotel/four_seasons,0.10454267874843073
http://comune.milano.it/resource/hotel/sunset_hotel,0.05865173386956259
http://comune.milano.it/resource/hotel/hotel_citta_studi,0.058707340511859156
http://comune.milano.it/resource/hotel/hotel_ornato,0.03601147922081374
http://comune.milano.it/resource/hotel/hotel_piacenza,0.06080557096653415
http://comune.milano.it/resource/hotel/mayorca,0.06238713469181377
http://comune.milano.it/resource/hotel/hotel_domenichino,0.04929629675937135
http://comune.milano.it/resource/hotel/hotel_venini,0.10148820228149329
http://comune.milano.it/resource/hotel/nyx_milan_by_leonardo_hotel,0.0818931233792304
http://comune.milano.it/resource/hotel/dipendenza_hotel_the_yard_milano,3.379608269476351e-05
http://comune.milano.it/resource/hotel/city_life_hotel_poliziano,0.08306562162957053
http://comune.milano.it/resource/hotel/four_points_by_sheraton_milan_center,0.09397520433930509
http://comune.milano.it/resource/hotel/savona_18_suites,0.11017237714718311
http://comune.milano.it/resource/hotel/residence_pola_1,0.09873700577673898
http://comune.milano.it/resource/hotel/boscolo_hotel_exedra,0.00099440944403608
http://comune.milano.it/resource/hotel/hotel_gritti,0.11911983630932622
http://comune.milano.it/resource/hotel/hotel_via_orefici,0.20452134295893656
http://comune.milano.it/resource/hotel/hotel_carrobio,0.0996306387192223
http://comune.milano.it/resource/hotel/hotel_roxy,0.07864487437175766
http://comune.milano.it/resource/hotel/atahotel_the_big,0.10757434928977047
http://comune.milano.it/resource/hotel/hotel_palazzo_delle_stelline,0.08595592790594861
http://comune.milano.it/resource/hotel/oasi_village_hotel,0.0659122406104979
http://comune.milano.it/resource/hotel/hotel_iride,0.056673725577918846
http://comune.milano.it/resource/hotel/abacus_hotel_1,0.03314230749995951
http://comune.milano.it/resource/hotel/ibis_styles,0.03352951040011582
http://comune.milano.it/resource/hotel/hotel_losanna_2,0.05771982784075786
http://comune.milano.it/resource/hotel/hotel_nuovo_metro,0.05490396087943971
http://comune.milano.it/resource/hotel/hotel_la_madonnina,0.11595057338688086
http://comune.milano.it/resource/hotel/residence_pola_2,0.0008033046626701774
http://comune.milano.it/resource/hotel/gianni,3.379608269476351e-05
http://comune.milano.it/resource/hotel/le_quercie,0.04755474618217609
http://comune.milano.it/resource/hotel/giusti_6,0.0009955850543238878
http://comune.milano.it/resource/hotel/locanda_gelsomina,0.013645323296422693
http://comune.milano.it/resource/hotel/pensione_aris,3.379608269476351e-05
http://comune.milano.it/resource/hotel/residenza_cenisio,3.379608269476351e-05
http://comune.milano.it/resource/hotel/hotel_arno__hotel_eva,0.09572287951827681
http://comune.milano.it/resource/hotel/hotel_spadari,0.11994493610555593
http://comune.milano.it/resource/hotel/nh_machiavelli,0.10286538370368907
http://comune.milano.it/resource/hotel/carlton_hotel_baglioni,0.08750700861762335
http://comune.milano.it/resource/hotel/san_pietro_allorto_6,0.10043183532095133
http://comune.milano.it/resource/hotel/hotel_san_guido,0.10608663803799077
http://comune.milano.it/resource/hotel/la_caravella,0.059017447154293357
http://comune.milano.it/resource/hotel/hotel_venini_1,0.06727879530278282
http://comune.milano.it/resource/hotel/atahotels_de_angeli_residence,0.0494408750459
http://comune.milano.it/resource/hotel/meininger_milan_garibaldi,0.06225855948261052
http://comune.milano.it/resource/hotel/hotel_kennedy,0.18662200057361752
http://comune.milano.it/resource/hotel/residence_donatello,0.001462968569956571
http://comune.milano.it/resource/hotel/pensione_oriente,3.379608269476351e-05
http://comune.milano.it/resource/hotel/exellent,0.0012079961254109004
http://comune.milano.it/resource/hotel/hotel_vintage,3.379608269476351e-05
http://comune.milano.it/resource/hotel/chteau_monfort,0.07205981558437859
http://comune.milano.it/resource/hotel/hotel_venezia,0.000363825060799443
http://comune.milano.it/resource/hotel/jolie,0.013211480471525873
http://comune.milano.it/resource/hotel/jolie_1,0.0006025383448403473
http://comune.milano.it/resource/hotel/albergo_fenice,0.09205336608991348
http://comune.milano.it/resource/hotel/al_vecchio_mulino,0.029237786293681244
http://comune.milano.it/resource/hotel/hilton_milan,0.08405438940829109
http://comune.milano.it/resource/hotel/hotel_sheraton__four_points,0.09493070588960216
http://comune.milano.it/resource/hotel/hotel_roxy_1,0.11641197185944592
http://comune.milano.it/resource/hotel/ibis_milano_centro,0.0989917435141208
http://comune.milano.it/resource/hotel/king_mokinba_hotel,0.10466834973081629
http://comune.milano.it/resource/hotel/hotel_colombia,0.09109565315824494
http://comune.milano.it/resource/hotel/hotel_iride_1,0.09096630851011085
http://comune.milano.it/resource/hotel/albergo_italia,0.08947140560453229
http://comune.milano.it/resource/hotel/park_hyatt_milano,0.11770105460908867
http://comune.milano.it/resource/hotel/camperio_house_suites_&_apartments,3.379608269476351e-05
http://comune.milano.it/resource/hotel/hotel_genius_down_town,0.11260559365303201
http://comune.milano.it/resource/hotel/jolly_hotel_president,1.666336400833961e-05
http://comune.milano.it/resource/hotel/bulgari_hotels_e_resorts_milano,3.379608269476351e-05
http://comune.milano.it/resource/hotel/residence_borgonuovo,0.0008554143729710327
http://comune.milano.it/resource/hotel/hotel_bonaparte,0.10494745947814345
http://comune.milano.it/resource/hotel/residence_bocconi,0.000797806189652513
http://comune.milano.it/resource/hotel/hotel_liberty,0.0728271817821378
http://comune.milano.it/resource/hotel/dipendenza,0.000853536663854253
http://comune.milano.it/resource/hotel/petit_palais,0.08386726783315712
http://comune.milano.it/resource/hotel/hotel_gelsomina,0.08214034143557401
http://comune.milano.it/resource/hotel/hotel_mignon,0.08438076627802937
http://comune.milano.it/resource/hotel/hotel_cervo_2,0.08298194956522245
http://comune.milano.it/resource/hotel/residence_cimarosa,0.05992072256073856
http://comune.milano.it/resource/hotel/hotel_europa_1,0.05035882524827976
http://comune.milano.it/resource/hotel/convertini,0.031410687735186085
http://comune.milano.it/resource/hotel/bovisa_house,0.04891229776759687
http://comune.milano.it/resource/hotel/spice,0.06935342462168086
http://comune.milano.it/resource/hotel/milano_watttredici,0.06935342462168086
http://comune.milano.it/resource/hotel/grand_hotel_villa_torretta_milan_sesto_curio_collection_by_hilton,0.06935342462168086
http://comune.milano.it/resource/hotel/hotel_chopin,0.05657391036616099
http://comune.milano.it/resource/hotel/ferrari,0.06560378506277768
http://comune.milano.it/resource/hotel/hotel_nicosia,0.06560378506277768
http://comune.milano.it/resource/hotel/marriot_hotel,3.379608269476351e-05
http://comune.milano.it/resource/hotel/hotel_gritti_1,0.04907585243579276
http://comune.milano.it/resource/hotel/hotel_zara_1,0.043600624888697856
http://comune.milano.it/resource/hotel/residence_desenzano,0.043419487367347874
http://comune.milano.it/resource/hotel/hotel_kennedy_1,0.026473476963683816
http://comune.milano.it/resource/hotel/hotel_zara_2,0.043600624888697856
http://comune.milano.it/resource/hotel/residence_osoppo,0.04323935076493904
http://comune.milano.it/resource/hotel/hotel_ramada_2,0.06794559111507252
http://comune.milano.it/resource/hotel/hotel_apollo_1,0.06818285272417653
http://comune.milano.it/resource/hotel/galileo,0.058965688496565465
http://comune.milano.it/resource/hotel/hotel_casa_mia,0.10576193797893335
http://comune.milano.it/resource/hotel/hotel_melia_il_duca,0.10395946972500704
http://comune.milano.it/resource/hotel/windsor_hotel,0.10336229518420224
http://comune.milano.it/resource/hotel/genius_hotel_downtown,0.11260559365303201
http://comune.milano.it/resource/hotel/lancaster_hotel,0.07146817539243744
http://comune.milano.it/resource/hotel/apart_hotel_dei_mercanti,0.11953335958534178
http://comune.milano.it/resource/hotel/crivis_hotel,0.06966963855007804
http://comune.milano.it/resource/hotel/casa_albergo_residence_zara_lagosta,0.0008615072886794799
http://comune.milano.it/resource/hotel/rta_cola_montano,0.08651504373490283
http://comune.milano.it/resource/hotel/hotel_zara_3,0.07651173473579219
http://comune.milano.it/resource/hotel/contessa_jolanda_attivit_promiscua_133_appartamenti_(266_posti_letto)_e_9_camere_albergo_per_18_posti_letto_per_un_totale_di_284_posti_letto,3.379608269476351e-05
http://comune.milano.it/resource/hotel/studio_inn_art_centrale,0.00022628746230387537
http://comune.milano.it/resource/hotel/albergo_sicilia,0.04654398596784516
http://comune.milano.it/resource/hotel/residence_pola_3,0.0011314257057103542
http://comune.milano.it/resource/hotel/hotel_ibis_milano_ca_granda,0.04702265242581227
http://comune.milano.it/resource/hotel/viserba_residence,0.0006099853914171015
http://comune.milano.it/resource/hotel/residence_atahotel_linea_uno,0.0005495911271817462
http://comune.milano.it/resource/hotel/hotel_perugino,0.06935342462168086
http://comune.milano.it/resource/hotel/hotel_mistral,0.06935342462168086
http://comune.milano.it/resource/hotel/aparthotel_bicocca,0.06935342462168086
http://comune.milano.it/resource/hotel/hotel_roxy_2,0.06935342462168086
http://comune.milano.it/resource/hotel/albergo_parini,0.06935342462168086
http://comune.milano.it/resource/hotel/hotel_villa_giovanna,0.06935342462168086
http://comune.milano.it/resource/hotel/hotel_calypso,0.06935342462168086
http://comune.milano.it/resource/hotel/i_dieci_mondi,0.06935342462168086
http://comune.milano.it/resource/hotel/hotel_stradivari,0.07737746929189296
http://comune.milano.it/resource/hotel/ares_1,0.05341503884018079
http://comune.milano.it/resource/hotel/trento,3.379608269476351e-05
http://comune.milano.it/resource/hotel/hotel_venezia_1,0.0010825114946116947
http://comune.milano.it/resource/hotel/albergo_la_pace,0.00022595769370170523
http://comune.milano.it/resource/hotel/hotel_chopin_1,3.379608269476351e-05
http://comune.milano.it/resource/hotel/hotel_adelchi_lambrate,0.05387842395354992
http://comune.milano.it/resource/hotel/albergo_lombardia,0.06101956264935157
http://comune.milano.it/resource/hotel/calipso,0.005723757594078067
http://comune.milano.it/resource/hotel/hotel_venezia_2,0.01331741939534308
http://comune.milano.it/resource/hotel/pensione_aris_1,0.016218248040153427
http://comune.milano.it/resource/hotel/hotel_chopin_2,0.0012079961254109004
http://comune.milano.it/resource/hotel/hotel_sempione,0.10845434420828594
http://comune.milano.it/resource/hotel/corona,0.05913396133672869
http://comune.milano.it/resource/hotel/hotel_roxy_3,0.07747360134943264
http://comune.milano.it/resource/hotel/una_hotel_1,0.05543815782699106
http://comune.milano.it/resource/hotel/hotel_central_station,0.08345901818414575
http://comune.milano.it/resource/hotel/hotel_deste,0.10098003020993904
http://comune.milano.it/resource/hotel/anderson_hotel_1,0.07799587603683009
http://comune.milano.it/resource/hotel/residence_giusti6,0.08984355465471554
http://comune.milano.it/resource/hotel/hotel_de_albertis__eco_art,0.058068119042716686
http://comune.milano.it/resource/hotel/hotel_leonardo,0.08755000624890254
http://comune.milano.it/resource/hotel/b&b_monteverdi,0.07601291623242311
http://comune.milano.it/resource/hotel/hotel_dieci,0.05968145599546686
http://comune.milano.it/resource/hotel/hotel_apollo_2,0.08014291030497932
http://comune.milano.it/resource/hotel/hotel_terminal,0.07572070982557225
http://comune.milano.it/resource/hotel/le_querce,0.04755474618217609
http://comune.milano.it/resource/hotel/palazzo_parigi,0.10012509387567729
http://comune.milano.it/resource/hotel/hotel_magna_pars_suites,0.09123658079941036
http://comune.milano.it/resource/hotel/hotel_arizona,0.03669602401708427
http://comune.milano.it/resource/hotel/hotel_losanna_3,0.11097192618853864
http://comune.milano.it/resource/hotel/milano_suites,0.11910526045209162
http://comune.milano.it/resource/hotel/holiday_inn,0.09226599083711035
http://comune.milano.it/resource/hotel/jolie_2,0.08920515051996628
http://comune.milano.it/resource/hotel/doria_grand_hotel,0.09890534104227272
http://comune.milano.it/resource/hotel/hotel_raffaello,0.04284331629668811
http://comune.milano.it/resource/hotel/mirage,0.04314857272162315
http://comune.milano.it/resource/hotel/meininger_hotel,0.0482493719584178
http://comune.milano.it/resource/hotel/hotel_cervo_3,0.03550371691091656
http://comune.milano.it/resource/hotel/hotel_losanna_4,0.07435646069082774
http://comune.milano.it/resource/hotel/hotel_cervo_4,0.07101107418098684
http://comune.milano.it/resource/hotel/secondo_pensiero,0.1127900587106312
http://comune.milano.it/resource/hotel/hotel_monforte_27,0.08205125388491429
http://comune.milano.it/resource/hotel/pierre_milano,0.0910310022595032
http://comune.milano.it/resource/hotel/hotel_seven_rooms_milano,0.034699154574259296
http://comune.milano.it/resource/hotel/metro,0.05860307541293475
http://comune.milano.it/resource/hotel/san_siro_fiera,0.024158118029897955
http://comune.milano.it/resource/hotel/nuovo_marghera,0.05822669715004884
http://comune.milano.it/resource/hotel/garden,0.04861145586917297
http://comune.milano.it/resource/hotel/hotel_felice_casati,0.09637833316779021
http://comune.milano.it/resource/hotel/hotel_venini_2,0.09205336608991348
http://comune.milano.it/resource/hotel/hotel_nettuno,0.08803315112044992
http://comune.milano.it/resource/hotel/grand_hotel_et_de_milan,0.10675356425604907
http://comune.milano.it/resource/hotel/ares_2,0.03552211465896588
http://comune.milano.it/resource/hotel/santa_marta_suites,0.11287750292628536
http://comune.milano.it/resource/hotel/hotel_venini_3,0.096743980280512
http://comune.milano.it/resource/hotel/hotel_cervo_5,0.11287477347092002
http://comune.milano.it/resource/hotel/una_hotel_2,0.0844555003215553
http://comune.milano.it/resource/hotel/spice_1,0.09343103120396859
http://comune.milano.it/resource/hotel/dei_fiori,0.04326292924543683
http://comune.milano.it/resource/hotel/jolie_3,0.0492858299811492
http://comune.milano.it/resource/hotel/ming_hao_hotel,0.08578719750796593
http://comune.milano.it/resource/hotel/dependance_hotel_demo,0.0764433728658163
http://comune.milano.it/resource/hotel/trento_1,0.1083278872897874
http://comune.milano.it/resource/hotel/garden_1,0.03513684564360735
http://comune.milano.it/resource/hotel/hotel_carlo_goldoni,0.062050154184620024
http://comune.milano.it/resource/hotel/hotel_cervo_6,0.09378668426539885
http://comune.milano.it/resource/hotel/nh_milano_palazzo_moscova,0.06935342462168086
http://comune.milano.it/resource/hotel/nh_milano_grand_hotel_verdi,0.06935342462168086
http://comune.milano.it/resource/hotel/nh_concordia,0.06935342462168086
http://comune.milano.it/resource/hotel/domina_milano_fiera,0.06935342462168086
http://comune.milano.it/resource/hotel/corona_1,0.02262434415169952
http://comune.milano.it/resource/hotel/hotel_perugino_1,0.05041227393769119
http://comune.milano.it/resource/hotel/hotel_naviglio_grande,0.02493973883066075
http://comune.milano.it/resource/hotel/best_western_hotel_city,0.08478607096558964
http://comune.milano.it/resource/hotel/galileo_1,0.09310345831949896
http://comune.milano.it/resource/hotel/hotel_zara_4,0.08947140560453229
http://comune.milano.it/resource/hotel/tencaresidence,0.004720945812273337
http://comune.milano.it/resource/hotel/albergo_sempione,0.0036135760415324913
http://comune.milano.it/resource/hotel/starhotels_echo,3.379608269476351e-05
http://comune.milano.it/resource/hotel/hotel_vintage_1,0.08060296498861667
http://comune.milano.it/resource/hotel/residenza_delle_citta,3.379608269476351e-05
http://comune.milano.it/resource/hotel/pensione_aris_2,0.09903147204041551
http://comune.milano.it/resource/hotel/klick_hotel,0.09243280920680887
http://comune.milano.it/resource/hotel/me_milan_il_duca,0.00954668310349509
http://comune.milano.it/resource/hotel/duca_di_milano,0.00954668310349509
http://comune.milano.it/resource/hotel/dependance_hotel_motel_silver,0.018349923465601284
http://comune.milano.it/resource/hotel/milano_navigli,0.1032112396041046
http://comune.milano.it/resource/hotel/klick_hotel_1,0.10324678071343275
http://comune.milano.it/resource/hotel/hotel_new_york,0.09254727664729262
http://comune.milano.it/resource/hotel/sheraton_diana_majestic,0.08435284879800047
http://comune.milano.it/resource/hotel/eurohotel,0.08679742807299017
http://comune.milano.it/resource/hotel/sunflower,0.04825844951519214
http://comune.milano.it/resource/hotel/melia_milano,0.050539624895439776
http://comune.milano.it/resource/hotel/hotel_venini_4,0.09838803498741239
http://comune.milano.it/resource/hotel/santa_barbara_hotel,0.030352212226497276
http://comune.milano.it/resource/hotel/athahotel_linea_uno,0.0543157368783383
http://comune.milano.it/resource/hotel/hotel_cervo_7,0.06667159974598232
http://comune.milano.it/resource/hotel/albergo_villa_mira,0.06656840710643411
http://comune.milano.it/resource/hotel/hotel_lombardia,0.060846119217215874
http://comune.milano.it/resource/hotel/hotel_cervo_8,0.09674470683953344
http://comune.milano.it/resource/hotel/hotel_spadari_1,0.1148427108551694
http://comune.milano.it/resource/hotel/hotel_spadari_2,0.10335764146235761
http://comune.milano.it/resource/hotel/mandarin_oriental,0.10509328055868179
http://comune.milano.it/resource/hotel/hotel_cervo_9,0.09210369875679544
http://comune.milano.it/resource/hotel/hotel_cervo_10,0.08779667206120803
http://comune.milano.it/resource/hotel/starhotels_ritz,0.08813168858300666
http://comune.milano.it/resource/hotel/hotel_bicocca,0.05250962311648896
http://comune.milano.it/resource/hotel/nh_hoteles,0.022453665548292135
http://comune.milano.it/resource/hotel/maxim_hotel__motel,0.023148127723408678
http://comune.milano.it/resource/hotel/portello,0.05020414364981196
http://comune.milano.it/resource/hotel/hotel_monopole,0.07901121907404447
http://comune.milano.it/resource/hotel/acca_palace,0.042012378485216544
http://comune.milano.it/resource/hotel/hotel_cervo_11,0.028676891686963652
http://comune.milano.it/resource/hotel/hotel_sir_edward,0.0009954097216324936
http://comune.milano.it/resource/hotel/residence_vip_s,0.0002532325977488346
http://comune.milano.it/resource/hotel/four_season_hotel_milan,0.09689582860728058
http://comune.milano.it/resource/hotel/ares_3,0.08706660518693093
http://comune.milano.it/resource/hotel/hotel_dieci_1,0.04884082521734737
http://comune.milano.it/resource/hotel/hotel_roxy_4,0.041223601899595376
http://comune.milano.it/resource/hotel/atahotel_executive,0.09767450176731814
http://comune.milano.it/resource/hotel/hotel_aspromonte,0.06703627769480221
http://comune.milano.it/resource/hotel/starhotels_rosa_grand_hotel,0.09939069168467456
http://comune.milano.it/resource/hotel/best_western_ascott,0.08706660518693093
http://comune.milano.it/resource/hotel/una_maison_milano,0.11733290616641567
http://comune.milano.it/resource/hotel/una_hotel_3,0.12293375845254415
http://comune.milano.it/resource/hotel/the_hub_1,0.12488178170244324
http://comune.milano.it/resource/hotel/residence_pian_della_nave,0.05941925801169012
http://comune.milano.it/resource/hotel/albert_hotel,0.0825197993485758
http://comune.milano.it/resource/hotel/albergo_del_ponte,0.11361866545801676
http://comune.milano.it/resource/hotel/hotel_venini_5,0.09016126018496172
http://comune.milano.it/resource/hotel/mythos_hotel,0.09130000203409955
http://comune.milano.it/resource/hotel/ares_4,0.0769615257676918
http://comune.milano.it/resource/hotel/crowne_plaza_milan_city,0.07561441672938694
http://comune.milano.it/resource/hotel/hotel_dieci_2,0.02785107205068697
http://comune.milano.it/resource/hotel/hotel_gran_duca_di_york,0.11013698942354995
http://comune.milano.it/resource/hotel/hotel_florence,0.06678029611604659
http://comune.milano.it/resource/hotel/hotel_tirreno,0.06690311632903918
http://comune.milano.it/resource/hotel/nhow_milano,0.05657391036616099
http://comune.milano.it/resource/hotel/hotel_bovisa_1,0.09940035633043826
http://comune.milano.it/resource/hotel/residence_bonnet,0.0006770644830058236
http://comune.milano.it/resource/hotel/hotel_hua_xia_milano,0.09018100304759089
http://comune.milano.it/resource/hotel/maison_moschino,0.006267444528550201
http://comune.milano.it/resource/hotel/ares_5,0.09903147204041551
http://comune.milano.it/resource/hotel/rta_le_gare,3.379608269476351e-05
http://comune.milano.it/resource/hotel/hotel_bagliori,0.08729437396219901
http://comune.milano.it/resource/hotel/hotel_catalani,0.060627806185446616
http://comune.milano.it/resource/hotel/hotel_cervo_12,0.06314589681936919
http://comune.milano.it/resource/hotel/hotel_brasil,0.03428298614267157
http://comune.milano.it/resource/hotel/down_town_milan_,0.0787300633138998
http://comune.milano.it/resource/hotel/montenapoleone_suites,0.08580863973834893
http://comune.milano.it/resource/hotel/nhow_milano_1,0.0483216813257785
http://comune.milano.it/resource/hotel/hotel_soperga,0.07945839246007158
http://comune.milano.it/resource/hotel/hotel_valley,0.08060296498861667
http://comune.milano.it/resource/hotel/hotel_virgilio,0.07679449844005232
http://comune.milano.it/resource/hotel/tower_house_12,0.08041001211010983
http://comune.milano.it/resource/hotel/del_corso,0.0760392444505676
http://comune.milano.it/resource/hotel/residence_the_yard,0.09194806760854092
http://comune.milano.it/resource/hotel/cristoforo_colombo,0.09721057606657194
http://comune.milano.it/resource/hotel/ih_hotels_milano,0.08613367772604262
http://comune.milano.it/resource/hotel/uptown_palace,0.08397251762534319
http://comune.milano.it/resource/hotel/hotel_ramada_3,0.08322398982942897
http://comune.milano.it/resource/hotel/lloyd_hotel,0.08898607512757276
http://comune.milano.it/resource/hotel/romana_residence_hotel,0.08774951179349245
http://comune.milano.it/resource/hotel/hotel_milano_scala,0.10836219544136011
http://comune.milano.it/resource/hotel/trento_2,0.044785454642706266
http://comune.milano.it/resource/hotel/sanpi_hotel,0.11012210243871758
http://comune.milano.it/resource/hotel/hotel_boutique_duomo,0.056926309257493556
http://comune.milano.it/resource/hotel/hotel_nicosia_1,0.06412568570979149
http://comune.milano.it/resource/hotel/leonardo_hotel_milan_city_center,0.08893541844050172
http://comune.milano.it/resource/hotel/ares_6,0.08140481617916011
http://comune.milano.it/resource/hotel/ares_7,0.0850562829579553
http://comune.milano.it/resource/hotel/ares_8,0.06294339752174002
http://comune.milano.it/resource/hotel/bio_city,0.07094097636049154
http://comune.milano.it/resource/hotel/ares_9,0.06259595860497169
http://comune.milano.it/resource/hotel/maison_borella,0.11513437242675023
http://comune.milano.it/resource/hotel/una_hotel_4,0.059411842743649496
http://comune.milano.it/resource/hotel/portello_1,0.04820123639787997
http://comune.milano.it/resource/hotel/hotel_brasil_1,0.04570419247471624
http://comune.milano.it/resource/hotel/hotel_ritter,0.10151465829572434
http://comune.milano.it/resource/hotel/carlyle_brera_hotel,0.1033084343679571
http://comune.milano.it/resource/hotel/hotel_andreola,0.08275984913510961
http://comune.milano.it/resource/hotel/giulio_cesare,0.11801778216807571
http://comune.milano.it/resource/hotel/lloyd_hotel_1,0.12109579094252448
http://comune.milano.it/resource/hotel/sunset_hotel_1,0.11670567196972773
http://comune.milano.it/resource/hotel/ares_10,0.04061935568009171
http://comune.milano.it/resource/hotel/una_hotel_5,0.09243280920680887
http://comune.milano.it/resource/hotel/bianca_maria,0.07126924117578023
http://comune.milano.it/resource/hotel/hotel_europa_2,0.05650502609833427
http://comune.milano.it/resource/hotel/hotel_principe_eugenio,0.0008815388469710757
http://comune.milano.it/resource/hotel/residence_pola_4,0.04181807550242789
http://comune.milano.it/resource/hotel/hotel_zara_5,0.006950085774375836
http://comune.milano.it/resource/hotel/trento_3,3.379608269476351e-05
http://comune.milano.it/resource/hotel/hotel_nuova_fiera_srl,0.0003415540326709485
http://comune.milano.it/resource/hotel/hotel_galles,3.379608269476351e-05
http://comune.milano.it/resource/hotel/il_leonardo_da_vinci,0.02785107205068697
http://comune.milano.it/resource/hotel/pavone,0.07629396375059995
http://comune.milano.it/resource/hotel/corallo,0.05687440944564361
http://comune.milano.it/resource/hotel/castelletto,0.06249820338826821
http://comune.milano.it/resource/hotel/espresso_hotel_corso_genova,0.08412127675823203
http://comune.milano.it/resource/hotel/metro_1,0.0764433728658163
http://comune.milano.it/resource/hotel/lux_hotel_durante,0.06285461658437776
http://comune.milano.it/resource/hotel/cinque_giornate,0.07108548477043596
http://comune.milano.it/resource/hotel/starhotels_anderson,0.08128067765409631
http://comune.milano.it/resource/hotel/vecchia_milano,0.11019378402611672
http://comune.milano.it/resource/hotel/euro_inn,0.07473954358076852
http://comune.milano.it/resource/hotel/hotel_ritter_1,0.06935342462168086
http://comune.milano.it/resource/hotel/hotel_arizona_1,0.06935342462168086
http://comune.milano.it/resource/hotel/una_hotel_6,0.06935342462168086
http://comune.milano.it/resource/hotel/ca_granda__hotel_corte_del_naviglio,0.06935342462168086
http://comune.milano.it/resource/hotel/cosmo_hotel_palace,0.06935342462168086
http://comune.milano.it/resource/hotel/hotel_novotel_milano_linate_aeroporto,0.06935342462168086
http://comune.milano.it/resource/hotel/h2c_hotel_milanofiori,0.06935342462168086
http://comune.milano.it/resource/hotel/cagrande,0.06935342462168086
http://comune.milano.it/resource/hotel/air_hotel_linate,0.06935342462168086
http://comune.milano.it/resource/hotel/sporting,0.06935342462168086
http://comune.milano.it/resource/hotel/zurigo,0.09089162895394666
http://comune.milano.it/resource/hotel/starhotels_business_palace,0.0379277063554607
http://comune.milano.it/resource/hotel/xxii_marzo,0.06617111577884932
http://comune.milano.it/resource/hotel/antares_hotel_accademia,0.04437579162913405
http://comune.milano.it/resource/hotel/autosole_2,0.04194573064425606
http://comune.milano.it/resource/hotel/sabatino,0.06618727891455091
http://comune.milano.it/resource/hotel/delizia,0.05916699629488817
http://comune.milano.it/resource/hotel/oro_blu,0.049403345778585205
http://comune.milano.it/resource/hotel/atlantic_hotel,0.0925823177831217
http://comune.milano.it/resource/hotel/ideale,0.06482069597728222
http://comune.milano.it/resource/hotel/hotel_chopin_3,3.379608269476351e-05
http://comune.milano.it/resource/hotel/hotel_buenos_aires,0.08755537841134418
http://comune.milano.it/resource/hotel/hotel_town_house_31,0.013211480471525873
http://comune.milano.it/resource/hotel/hotel_acapulco,0.06101956264935157
http://comune.milano.it/resource/hotel/ischia,0.003441922192751987
http://comune.milano.it/resource/hotel/residence_international,3.379608269476351e-05
http://comune.milano.it/resource/hotel/doria_suisse,0.0012079961254109004
http://comune.milano.it/resource/hotel/hotel_carrobbio,0.0996306387192223
http://comune.milano.it/resource/hotel/hotel_montebianco,0.04728661948694121
http://comune.milano.it/resource/hotel/hotel_iride_2,0.08537653083473497
http://comune.milano.it/resource/hotel/hotel_monopole_1,0.08518036645734545
http://comune.milano.it/resource/hotel/hotel_cervo_13,0.08492268463227481
http://comune.milano.it/resource/hotel/hotel_venini_6,0.08525100415723051
http://comune.milano.it/resource/hotel/hotel_perugino_2,0.0867415153206633
http://comune.milano.it/resource/hotel/hotel_cervo_14,0.08554148490169015
http://comune.milano.it/resource/hotel/the_best_hotel,0.08648680977237014
http://comune.milano.it/resource/hotel/hotel_soperga_1,0.08877013897288538
http://comune.milano.it/resource/hotel/room_mate_giulia_hotel,0.12769600702673514
http://comune.milano.it/resource/hotel/townhouse_duomo_milano,0.12729963279628048
http://comune.milano.it/resource/hotel/campus_fideuram,0.021930112063136862
http://comune.milano.it/resource/hotel/hotel_bogart_2,0.05731094827790609
http://comune.milano.it/resource/hotel/admiral_hotel,0.06614284632644017
http://comune.milano.it/resource/hotel/hotel_brasil_2,0.06807637315014875
http://comune.milano.it/resource/hotel/residenza_vignale,0.0729240097276048
http://comune.milano.it/resource/hotel/mercure_milano_solari,0.08816058564333827
http://comune.milano.it/resource/hotel/hotel_venini_7,0.06750617703581414
http://comune.milano.it/resource/hotel/hotel_gran_sasso,0.0682357176120402
http://comune.milano.it/resource/hotel/rossovino,0.05337820619633876
http://comune.milano.it/resource/hotel/oro_blu_1,0.062050154184620024
http://comune.milano.it/resource/hotel/ares_11,0.07460101233739477
http://comune.milano.it/resource/hotel/certosa,0.04898213381651156
http://comune.milano.it/resource/hotel/holiday_inn_milan_garibaldi_station,0.08772479638881966
http://comune.milano.it/resource/hotel/metro_2,0.0831127400123238
http://comune.milano.it/resource/hotel/best_western_blaise_&_francis,0.054244543294814505
http://comune.milano.it/resource/hotel/mihotel,0.04307290620601117
http://comune.milano.it/resource/hotel/the_street_milano_duomo,0.12665800609187172
http://comune.milano.it/resource/hotel/huaxia_milano_dipendenza,0.08984033503390426
http://comune.milano.it/resource/hotel/hotel_europa_3,0.06787649868378291
http://comune.milano.it/resource/hotel/palazzo_segreti,0.11615447222918922
http://comune.milano.it/resource/hotel/antica_locanda_leonardo,0.07619361275670462
http://comune.milano.it/resource/hotel/hotel_cervo_15,0.11313693289325054
http://comune.milano.it/resource/hotel/hotel_astoria_2,0.09348654956099402
http://comune.milano.it/resource/hotel/hotel_dieci_3,0.06731335921617516
http://comune.milano.it/resource/hotel/hotel_europa_4,0.0675230278985301
http://comune.milano.it/resource/hotel/hotel_losanna_5,0.04556976923018963
http://comune.milano.it/resource/hotel/hotel_sempione_1,0.09330881800885046
http://comune.milano.it/resource/hotel/mini_hotel_aosta,0.0915410569455441
http://comune.milano.it/resource/hotel/una_hotel_7,0.08995359221852445
http://comune.milano.it/resource/hotel/hotel_ramada_4,0.09361331433183574
http://comune.milano.it/resource/hotel/hotel_venini_8,0.09228436378488035
http://comune.milano.it/resource/hotel/ih_hotels_milano_1,0.02663914503396592
http://comune.milano.it/resource/hotel/belsit,0.043807820345422355
http://comune.milano.it/resource/hotel/ares_12,0.06924086815766492
http://comune.milano.it/resource/hotel/accursio,0.0446702488919254
http://comune.milano.it/resource/hotel/nuovo_murillo,0.04601579349689608
http://comune.milano.it/resource/hotel/hotel_dei_cavalieri,0.09717942474065998
http://comune.milano.it/resource/hotel/hotel_cervo_16,0.09213907504503163
http://comune.milano.it/resource/hotel/hotel_mediolanum,0.09117202647569371
http://comune.milano.it/resource/hotel/hotel_mignon_1,0.05389318105580449
http://comune.milano.it/resource/hotel/lloyd_hotel_2,0.046316684365557574
http://comune.milano.it/resource/hotel/corona_2,0.09296676864333939
http://comune.milano.it/resource/hotel/hotel_cristallo,0.08435597901523875
http://comune.milano.it/resource/hotel/seven_stars_galleria,0.12420213383794737
http://comune.milano.it/resource/hotel/la_gare,0.0970902855046007
http://comune.milano.it/resource/hotel/hotel_cervo_17,0.017986164246500232
http://comune.milano.it/resource/hotel/hotel_calypso_1,0.08783055872098583
http://comune.milano.it/resource/hotel/hotel_valley_1,0.08596868404157405
http://comune.milano.it/resource/hotel/town_house_33,0.0662035798425506
http://comune.milano.it/resource/hotel/arco_romana,0.0677580599902148
http://comune.milano.it/resource/hotel/ai_suma_hotel,0.09244729179557086
http://comune.milano.it/resource/hotel/baviera_mokinba_hotels,0.09917351516241657
http://comune.milano.it/resource/hotel/barcelo_milan,0.02833245969489202
http://comune.milano.it/resource/hotel/lagare_hotel_milano_centrale,0.09151063985989635
http://comune.milano.it/resource/hotel/ares_13,0.05570458157579298
http://comune.milano.it/resource/hotel/hotel_chopin_4,0.052170093649743704
http://comune.milano.it/resource/hotel/chteau_monfort_1,0.07301783859748345
http://comune.milano.it/resource/hotel/delizia_1,0.04300413904652725
http://comune.milano.it/resource/hotel/radisson_blu_hotel,0.038687677249651733
http://comune.milano.it/resource/hotel/hotel_deste_1,0.0767453706467704
http://comune.milano.it/resource/hotel/residence_di_corso_italia,0.08640912558667906
http://comune.milano.it/resource/hotel/residence_loreto,0.05157035389700941
http://comune.milano.it/resource/hotel/ambrosiana,0.078825404082211
http://comune.milano.it/resource/hotel/di_nuova_vista,0.04653584299937419
http://comune.milano.it/resource/hotel/hotel_venini_9,0.056884654822140245
http://comune.milano.it/resource/hotel/hotel_santambroeus,0.07341425930065675
http://comune.milano.it/resource/hotel/hotel_ramada_5,0.05268024796310431
http://comune.milano.it/resource/hotel/the_place__suite_manzoni,0.13746436386717803
http://comune.milano.it/resource/hotel/ares_14,0.075464215290226
http://comune.milano.it/resource/hotel/andreola_central,0.08327105294505316
http://comune.milano.it/resource/hotel/jolie_4,0.074676487902905
http://comune.milano.it/resource/hotel/vittoria,0.06747065300039315
http://comune.milano.it/resource/hotel/starhotels_echo_1,0.08110127898734715
http://comune.milano.it/resource/hotel/spadari_al_duomo,0.12382026668985892
http://comune.milano.it/resource/hotel/di_porta_romana,0.061712040587795364
http://comune.milano.it/resource/hotel/ares_15,0.027502983921972965
http://comune.milano.it/resource/hotel/delizia_2,0.06533769234164591
http://comune.milano.it/resource/hotel/corallo_1,0.06260654523908567
http://comune.milano.it/resource/hotel/hotel_roxy_5,0.06935342462168086
http://comune.milano.it/resource/hotel/residence_le_corti,0.06935342462168086
http://comune.milano.it/resource/hotel/corona_3,0.06935342462168086
http://comune.milano.it/resource/hotel/majestic,0.06935342462168086
http://comune.milano.it/resource/hotel/regency_hotel_1,0.06935342462168086
http://comune.milano.it/resource/hotel/starhotel_echo,0.06935342462168086
http://comune.milano.it/resource/hotel/hotel_michelangelo,0.06935342462168086
http://comune.milano.it/resource/hotel/hotel_ramada_6,0.06935342462168086
http://comune.milano.it/resource/hotel/doubletree_by_hilton_hotel_milan,0.06935342462168086
http://comune.milano.it/resource/hotel/belsit_1,0.06935342462168086
http://comune.milano.it/resource/hotel/residence_futura,0.010300104418858235
http://comune.milano.it/resource/hotel/hotel_del_sud,0.04656376870723539
http://comune.milano.it/resource/hotel/hotel_corvetto,0.043520010986893384
http://comune.milano.it/resource/hotel/corvetto_residence_porto_di_mare,3.379608269476351e-05
http://comune.milano.it/resource/hotel/white_zambala_luxury_residence,0.051215297648226354
http://comune.milano.it/resource/hotel/mihotel_1,0.059534950777946245
http://comune.milano.it/resource/hotel/residenza_chiaralba,3.379608269476351e-05
http://comune.milano.it/resource/hotel/green_house_residence,0.03939682987431096
http://comune.milano.it/resource/hotel/residence_giambellino_di_laura_fiamberti,0.04947593041026609
http://comune.milano.it/resource/hotel/hotel_des_etranger_s,0.00025016646183923934
http://comune.milano.it/resource/hotel/pavone_1,0.05743411361139423
http://comune.milano.it/resource/hotel/mozart,0.08309566144721878
http://comune.milano.it/resource/hotel/starhotels_tourist,0.035110106969917614
http://comune.milano.it/resource/hotel/mihotel_2,0.04936007956700337
http://comune.milano.it/resource/hotel/hilton_garden_inn_milano_nord,0.04065432694956676
http://comune.milano.it/resource/hotel/mozart_1,0.05414722467218434
http://comune.milano.it/resource/hotel/hotel_degli_arcimboldi,0.034585446572580364
http://comune.milano.it/resource/hotel/des_etrangers,0.05247978164172156
http://comune.milano.it/resource/hotel/centro_alberghiero_ornato,0.036094869820132464
http://comune.milano.it/resource/hotel/catalani_&_madrid,0.06033941565296499
http://comune.milano.it/resource/hotel/ambasciatori,0.09712137458196325
http://comune.milano.it/resource/hotel/hotel_bolzano,0.0913611790560443
http://comune.milano.it/resource/hotel/piccolo_hotel,0.06747513749752808
http://comune.milano.it/resource/hotel/antica_locanda_dei_mercanti,0.11932804795018387
http://comune.milano.it/resource/hotel/grand_visconti_palace,0.05520674690937112
http://comune.milano.it/resource/hotel/hotel_st_john,0.034615976118851886
http://comune.milano.it/resource/hotel/ristorante_solferino,0.2179299465298542
http://comune.milano.it/resource/hotel/b&b_hotel_milano__sesto_san_giovanni,0.03454431902519717
http://comune.milano.it/resource/hotel/espressohotel_milano_linate,0.025849790538077382
http://comune.milano.it/resource/hotel/piccolo_hotel_a_casa_tua,0.021888294623229887
http://comune.milano.it/resource/hotel/alessander,0.0395075996585639
http://comune.milano.it/resource/hotel/il_girasole,0.03645003207340642
http://comune.milano.it/resource/hotel/fifty_house,0.06916808191137215
http://comune.milano.it/resource/hotel/due_giardini,0.08647123196768426
http://comune.milano.it/resource/hotel/st_george,0.10411823484717794
http://comune.milano.it/resource/hotel/milan_marriott,0.05613109050086251
http://comune.milano.it/resource/hotel/hotel_astrid,0.06478212814864323
http://comune.milano.it/resource/hotel/san_francisco,0.062205303187396206
http://comune.milano.it/resource/hotel/ramada_plaza_milano,0.04775271456254122
http://comune.milano.it/resource/hotel/nh_collection_porta_nuova,0.10384189582885946
http://comune.milano.it/resource/hotel/contessa_jolanda_residence,0.06935342462168086
http://comune.milano.it/resource/hotel/novotel_milano_nord_ca_granda,0.06935342462168086
http://comune.milano.it/resource/hotel/hotel_royal_garden,0.06935342462168086
http://comune.milano.it/resource/hotel/la_residenza,0.06935342462168086
http://comune.milano.it/resource/hotel/hotel_ristorante_la_rampina,0.021829610002216865
http://comune.milano.it/resource/hotel/residence_villa_odescalchi,0.09050730357790591
http://comune.milano.it/resource/hotel/hotel_europa_5,0.09014749209477044
http://comune.milano.it/resource/hotel/milan_suite_hotel,0.03905606288164945
http://comune.milano.it/resource/hotel/hotel_europa_6,0.09190280054484304
http://comune.milano.it/resource/hotel/hotel_mignon_2,0.1036431313994617
http://comune.milano.it/resource/hotel/san_giovanni,3.379608269476351e-05
http://comune.milano.it/resource/hotel/albergo_susa,0.005505146019855683
http://comune.milano.it/resource/hotel/hotel_el_diablo,0.05429327739022434
http://comune.milano.it/resource/hotel/pensione_lanterna,0.0012502478882673788
http://comune.milano.it/resource/hotel/residencemignoncase_tre,3.379608269476351e-05
http://comune.milano.it/resource/hotel/hotel_astrid_1,0.05429327739022434
http://comune.milano.it/resource/hotel/residence_sigieri,3.379608269476351e-05
http://comune.milano.it/resource/hotel/hotel_zara_6,0.0012216256219317323
http://comune.milano.it/resource/hotel/albergo_lario_1,0.0010971368445865082
http://comune.milano.it/resource/hotel/hotel_molise2,0.04932718126777032
http://comune.milano.it/resource/hotel/nh_president,0.08947053627412806
http://comune.milano.it/resource/hotel/ac_milano,0.08993441256040186
http://comune.milano.it/resource/hotel/mozart_2,0.05853752462751771
http://comune.milano.it/resource/hotel/double_tree_by_hilton_milan,0.03764218233708894
http://comune.milano.it/resource/hotel/ares_16,0.08517397282417279
http://comune.milano.it/resource/hotel/pavone_2,0.0963686582530384
http://comune.milano.it/resource/hotel/ferrari_1,0.055493249560365755
http://comune.milano.it/resource/hotel/mini_hotel_la_spezia,0.04927717138238897
http://comune.milano.it/resource/hotel/magville_hotel,0.06652607397666578
http://comune.milano.it/resource/hotel/citta_studi,0.05870932011031649
http://comune.milano.it/resource/hotel/pensione_aris_3,0.0012079961254109004
http://comune.milano.it/resource/hotel/hotel_galles_1,0.08263889061288843
http://comune.milano.it/resource/hotel/hotel_paganini,0.0003022251929167785
http://comune.milano.it/resource/hotel/majorca,3.379608269476351e-05
http://comune.milano.it/resource/hotel/residence_bianca_croce,3.379608269476351e-05
http://comune.milano.it/resource/hotel/hotel_zara_7,0.005598880522817568
http://comune.milano.it/resource/hotel/albergo_lario_2,3.379608269476351e-05
http://comune.milano.it/resource/hotel/sunset_city,0.013155731750812099
http://comune.milano.it/resource/hotel/hotel_zara_8,3.379608269476351e-05
http://comune.milano.it/resource/hotel/hotel_zara_9,3.379608269476351e-05
